nome,year,Wins,Losses,Pct_wins,Ot_Losses,Gf,Ga,Dif_success
Boston Bruins,1990,44,24,55.00%,,299,264,0.55
Buffalo Sabres,1990,31,30,38.80%,,292,278,14.0
Calgary Flames,1990,46,26,57.50%,,344,263,0.575
Chicago Blackhawks,1990,49,23,61.30%,,284,211,0.613
Detroit Red Wings,1990,34,38,42.50%,,273,298,-25.0
Edmonton Oilers,1990,37,37,46.30%,,272,272,0.0
Hartford Whalers,1990,31,38,38.80%,,238,276,-38.0
Los Angeles Kings,1990,46,24,57.50%,,340,254,0.575
Minnesota North Stars,1990,27,39,33.80%,,256,266,-10.0
Montreal Canadiens,1990,39,30,48.70%,,273,249,24.0
New Jersey Devils,1990,32,33,40.00%,,272,264,8.0
New York Islanders,1990,25,45,31.20%,,223,290,-67.0
New York Rangers,1990,36,31,45.00%,,297,265,32.0
Philadelphia Flyers,1990,33,37,41.20%,,252,267,-15.0
Pittsburgh Penguins,1990,41,33,51.20%,,342,305,0.512
Quebec Nordiques,1990,16,50,20.00%,,236,354,-118.0
St. Louis Blues,1990,47,22,58.80%,,310,250,0.588
Toronto Maple Leafs,1990,23,46,28.70%,,241,318,-77.0
Vancouver Canucks,1990,28,43,35.00%,,243,315,-72.0
Washington Capitals,1990,37,36,46.30%,,258,258,0.0
Winnipeg Jets,1990,26,43,32.50%,,260,288,-28.0
Boston Bruins,1991,36,32,45.00%,,270,275,-5.0
Buffalo Sabres,1991,31,37,38.80%,,289,299,-10.0
Calgary Flames,1991,31,37,38.80%,,296,305,-9.0
Chicago Blackhawks,1991,36,29,45.00%,,257,236,21.0
Detroit Red Wings,1991,43,25,53.70%,,320,256,0.537
Edmonton Oilers,1991,36,34,45.00%,,295,297,-2.0
Hartford Whalers,1991,26,41,32.50%,,247,283,-36.0
Los Angeles Kings,1991,35,31,43.80%,,287,296,-9.0
Minnesota North Stars,1991,32,42,40.00%,,246,278,-32.0
Montreal Canadiens,1991,41,28,51.20%,,267,207,0.512
New Jersey Devils,1991,38,31,47.50%,,289,259,30.0
New York Islanders,1991,34,35,42.50%,,291,299,-8.0
New York Rangers,1991,50,25,62.50%,,321,246,0.625
Philadelphia Flyers,1991,32,37,40.00%,,252,273,-21.0
Pittsburgh Penguins,1991,39,32,48.70%,,343,308,35.0
Quebec Nordiques,1991,20,48,25.00%,,255,318,-63.0
San Jose Sharks,1991,17,58,21.20%,,219,359,-140.0
St. Louis Blues,1991,36,33,45.00%,,279,266,13.0
Toronto Maple Leafs,1991,30,43,37.50%,,234,294,-60.0
Vancouver Canucks,1991,42,26,52.50%,,285,250,0.525
Washington Capitals,1991,45,27,56.20%,,330,275,0.562
Winnipeg Jets,1991,33,32,41.20%,,251,244,7.0
Boston Bruins,1992,51,26,60.70%,,332,268,0.607
Buffalo Sabres,1992,38,36,45.20%,,335,297,38.0
Calgary Flames,1992,43,30,51.20%,,322,282,0.512
Chicago Blackhawks,1992,47,25,56.00%,,279,230,0.56
Detroit Red Wings,1992,47,28,56.00%,,369,280,0.56
Edmonton Oilers,1992,26,50,31.00%,,242,337,-95.0
Hartford Whalers,1992,26,52,31.00%,,284,369,-85.0
Los Angeles Kings,1992,39,35,46.40%,,338,340,-2.0
Minnesota North Stars,1992,36,38,42.90%,,272,293,-21.0
Montreal Canadiens,1992,48,30,57.10%,,326,280,0.571
New Jersey Devils,1992,40,37,47.60%,,308,299,9.0
New York Islanders,1992,40,37,47.60%,,335,297,38.0
New York Rangers,1992,34,39,40.50%,,304,308,-4.0
Ottawa Senators,1992,10,70,11.90%,,202,395,-193.0
Philadelphia Flyers,1992,36,37,42.90%,,319,319,0.0
Pittsburgh Penguins,1992,56,21,66.70%,,367,268,0.667
Quebec Nordiques,1992,47,27,56.00%,,351,300,0.56
San Jose Sharks,1992,11,71,13.10%,,218,414,-196.0
St. Louis Blues,1992,37,36,44.00%,,282,278,4.0
Tampa Bay Lightning,1992,23,54,27.40%,,245,332,-87.0
Toronto Maple Leafs,1992,44,29,52.40%,,288,241,0.524
Vancouver Canucks,1992,46,29,54.80%,,346,278,0.548
Washington Capitals,1992,43,34,51.20%,,325,286,0.512
Winnipeg Jets,1992,40,37,47.60%,,322,320,2.0
Mighty Ducks of Anaheim,1993,33,46,39.30%,,229,251,-22.0
Boston Bruins,1993,42,29,50.00%,,289,252,0.5
Buffalo Sabres,1993,43,32,51.20%,,282,218,0.512
Calgary Flames,1993,42,29,50.00%,,302,256,0.5
Chicago Blackhawks,1993,39,36,46.40%,,254,240,14.0
Dallas Stars,1993,42,29,50.00%,,286,265,0.5
Detroit Red Wings,1993,46,30,54.80%,,356,275,0.548
Edmonton Oilers,1993,25,45,29.80%,,261,305,-44.0
Florida Panthers,1993,33,34,39.30%,,233,233,0.0
Hartford Whalers,1993,27,48,32.10%,,227,288,-61.0
Los Angeles Kings,1993,27,45,32.10%,,294,322,-28.0
Montreal Canadiens,1993,41,29,48.80%,,283,248,35.0
New Jersey Devils,1993,47,25,56.00%,,306,220,0.56
New York Islanders,1993,36,36,42.90%,,282,264,18.0
New York Rangers,1993,52,24,61.90%,,299,231,0.619
Ottawa Senators,1993,14,61,16.70%,,201,397,-196.0
Philadelphia Flyers,1993,35,39,41.70%,,294,314,-20.0
Pittsburgh Penguins,1993,44,27,52.40%,,299,285,0.524
Quebec Nordiques,1993,34,42,40.50%,,277,292,-15.0
San Jose Sharks,1993,33,35,39.30%,,252,265,-13.0
St. Louis Blues,1993,40,33,47.60%,,270,283,-13.0
Tampa Bay Lightning,1993,30,43,35.70%,,224,251,-27.0
Toronto Maple Leafs,1993,43,29,51.20%,,280,243,0.512
Vancouver Canucks,1993,41,40,48.80%,,279,276,3.0
Washington Capitals,1993,39,35,46.40%,,277,263,14.0
Winnipeg Jets,1993,24,51,28.60%,,245,344,-99.0
Mighty Ducks of Anaheim,1994,16,27,33.30%,,125,164,-39.0
Boston Bruins,1994,27,18,56.20%,,150,127,0.562
Buffalo Sabres,1994,22,19,45.80%,,130,119,11.0
Calgary Flames,1994,24,17,50.00%,,163,135,0.5
Chicago Blackhawks,1994,24,19,50.00%,,156,115,0.5
Dallas Stars,1994,17,23,35.40%,,136,135,1.0
Detroit Red Wings,1994,33,11,68.80%,,180,117,0.688
Edmonton Oilers,1994,17,27,35.40%,,136,183,-47.0
Florida Panthers,1994,20,22,41.70%,,115,127,-12.0
Hartford Whalers,1994,19,24,39.60%,,127,141,-14.0
Los Angeles Kings,1994,16,23,33.30%,,142,174,-32.0
Montreal Canadiens,1994,18,23,37.50%,,125,148,-23.0
New Jersey Devils,1994,22,18,45.80%,,136,121,15.0
New York Islanders,1994,15,28,31.20%,,126,158,-32.0
New York Rangers,1994,22,23,45.80%,,139,134,5.0
Ottawa Senators,1994,9,34,18.80%,,117,174,-57.0
Philadelphia Flyers,1994,28,16,58.30%,,150,132,0.583
Pittsburgh Penguins,1994,29,16,60.40%,,181,158,0.604
Quebec Nordiques,1994,30,13,62.50%,,185,134,0.625
San Jose Sharks,1994,19,25,39.60%,,129,161,-32.0
St. Louis Blues,1994,28,15,58.30%,,178,135,0.583
Tampa Bay Lightning,1994,17,28,35.40%,,120,144,-24.0
Toronto Maple Leafs,1994,21,19,43.80%,,135,146,-11.0
Vancouver Canucks,1994,18,18,37.50%,,153,148,5.0
Washington Capitals,1994,22,18,45.80%,,136,120,16.0
Winnipeg Jets,1994,16,25,33.30%,,157,177,-20.0
Mighty Ducks of Anaheim,1995,35,39,42.70%,,234,247,-13.0
Boston Bruins,1995,40,31,48.80%,,282,269,13.0
Buffalo Sabres,1995,33,42,40.20%,,247,262,-15.0
Calgary Flames,1995,34,37,41.50%,,241,240,1.0
Chicago Blackhawks,1995,40,28,48.80%,,273,220,53.0
Colorado Avalanche,1995,47,25,57.30%,,326,240,0.573
Dallas Stars,1995,26,42,31.70%,,227,280,-53.0
Detroit Red Wings,1995,62,13,75.60%,,325,181,0.756
Edmonton Oilers,1995,30,44,36.60%,,240,304,-64.0
Florida Panthers,1995,41,31,50.00%,,254,234,0.5
Hartford Whalers,1995,34,39,41.50%,,237,259,-22.0
Los Angeles Kings,1995,24,40,29.30%,,256,302,-46.0
Montreal Canadiens,1995,40,32,48.80%,,265,248,17.0
New Jersey Devils,1995,37,33,45.10%,,215,202,13.0
New York Islanders,1995,22,50,26.80%,,229,315,-86.0
New York Rangers,1995,41,27,50.00%,,272,237,0.5
Ottawa Senators,1995,18,59,22.00%,,191,291,-100.0
Philadelphia Flyers,1995,45,24,54.90%,,282,208,0.549
Pittsburgh Penguins,1995,49,29,59.80%,,362,284,0.598
San Jose Sharks,1995,20,55,24.40%,,252,357,-105.0
St. Louis Blues,1995,32,34,39.00%,,219,248,-29.0
Tampa Bay Lightning,1995,38,32,46.30%,,238,248,-10.0
Toronto Maple Leafs,1995,34,36,41.50%,,247,252,-5.0
Vancouver Canucks,1995,32,35,39.00%,,278,278,0.0
Washington Capitals,1995,39,32,47.60%,,234,204,30.0
Winnipeg Jets,1995,36,40,43.90%,,275,291,-16.0
Mighty Ducks of Anaheim,1996,36,33,43.90%,,245,233,12.0
Boston Bruins,1996,26,47,31.70%,,234,300,-66.0
Buffalo Sabres,1996,40,30,48.80%,,237,208,29.0
Calgary Flames,1996,32,41,39.00%,,214,239,-25.0
Chicago Blackhawks,1996,34,35,41.50%,,223,210,13.0
Colorado Avalanche,1996,49,24,59.80%,,277,205,0.598
Dallas Stars,1996,48,26,58.50%,,252,198,0.585
Detroit Red Wings,1996,38,26,46.30%,,253,197,56.0
Edmonton Oilers,1996,36,37,43.90%,,252,247,5.0
Florida Panthers,1996,35,28,42.70%,,221,201,20.0
Hartford Whalers,1996,32,39,39.00%,,226,256,-30.0
Los Angeles Kings,1996,28,43,34.10%,,214,268,-54.0
Montreal Canadiens,1996,31,36,37.80%,,249,276,-27.0
New Jersey Devils,1996,45,23,54.90%,,231,182,0.549
New York Islanders,1996,29,41,35.40%,,240,250,-10.0
New York Rangers,1996,38,34,46.30%,,258,231,27.0
Ottawa Senators,1996,31,36,37.80%,,226,234,-8.0
Philadelphia Flyers,1996,45,24,54.90%,,274,217,0.549
Phoenix Coyotes,1996,38,37,46.30%,,240,243,-3.0
Pittsburgh Penguins,1996,38,36,46.30%,,285,280,5.0
San Jose Sharks,1996,27,47,32.90%,,211,278,-67.0
St. Louis Blues,1996,36,35,43.90%,,236,239,-3.0
Tampa Bay Lightning,1996,32,40,39.00%,,217,247,-30.0
Toronto Maple Leafs,1996,30,44,36.60%,,230,273,-43.0
Vancouver Canucks,1996,35,40,42.70%,,257,273,-16.0
Washington Capitals,1996,33,40,40.20%,,214,231,-17.0
Mighty Ducks of Anaheim,1997,26,43,31.70%,,205,261,-56.0
Boston Bruins,1997,39,30,47.60%,,221,194,27.0
Buffalo Sabres,1997,36,29,43.90%,,211,187,24.0
Calgary Flames,1997,26,41,31.70%,,217,252,-35.0
Carolina Hurricanes,1997,33,41,40.20%,,200,219,-19.0
Chicago Blackhawks,1997,30,39,36.60%,,192,199,-7.0
Colorado Avalanche,1997,39,26,47.60%,,231,205,26.0
Dallas Stars,1997,49,22,59.80%,,242,167,0.598
Detroit Red Wings,1997,44,23,53.70%,,250,196,0.537
Edmonton Oilers,1997,35,37,42.70%,,215,224,-9.0
Florida Panthers,1997,24,43,29.30%,,203,256,-53.0
Los Angeles Kings,1997,38,33,46.30%,,227,225,2.0
Montreal Canadiens,1997,37,32,45.10%,,235,208,27.0
New Jersey Devils,1997,48,23,58.50%,,225,166,0.585
New York Islanders,1997,30,41,36.60%,,212,225,-13.0
New York Rangers,1997,25,39,30.50%,,197,231,-34.0
Ottawa Senators,1997,34,33,41.50%,,193,200,-7.0
Philadelphia Flyers,1997,42,29,51.20%,,242,193,0.512
Phoenix Coyotes,1997,35,35,42.70%,,224,227,-3.0
Pittsburgh Penguins,1997,40,24,48.80%,,228,188,40.0
San Jose Sharks,1997,34,38,41.50%,,210,216,-6.0
St. Louis Blues,1997,45,29,54.90%,,256,204,0.549
Tampa Bay Lightning,1997,17,55,20.70%,,151,269,-118.0
Toronto Maple Leafs,1997,30,43,36.60%,,194,237,-43.0
Vancouver Canucks,1997,25,43,30.50%,,224,273,-49.0
Washington Capitals,1997,40,30,48.80%,,219,202,17.0
Mighty Ducks of Anaheim,1998,35,34,42.70%,,215,206,9.0
Boston Bruins,1998,39,30,47.60%,,214,181,33.0
Buffalo Sabres,1998,37,28,45.10%,,207,175,32.0
Calgary Flames,1998,30,40,36.60%,,211,234,-23.0
Carolina Hurricanes,1998,34,30,41.50%,,210,202,8.0
Chicago Blackhawks,1998,29,41,35.40%,,202,248,-46.0
Colorado Avalanche,1998,44,28,53.70%,,239,205,0.537
Dallas Stars,1998,51,19,62.20%,,236,168,0.622
Detroit Red Wings,1998,43,32,52.40%,,245,202,0.524
Edmonton Oilers,1998,33,37,40.20%,,230,226,4.0
Florida Panthers,1998,30,34,36.60%,,210,228,-18.0
Los Angeles Kings,1998,32,45,39.00%,,189,222,-33.0
Montreal Canadiens,1998,32,39,39.00%,,184,209,-25.0
Nashville Predators,1998,28,47,34.10%,,190,261,-71.0
New Jersey Devils,1998,47,24,57.30%,,248,196,0.573
New York Islanders,1998,24,48,29.30%,,194,244,-50.0
New York Rangers,1998,33,38,40.20%,,217,227,-10.0
Ottawa Senators,1998,44,23,53.70%,,239,179,0.537
Philadelphia Flyers,1998,37,26,45.10%,,231,196,35.0
Phoenix Coyotes,1998,39,31,47.60%,,205,197,8.0
Pittsburgh Penguins,1998,38,30,46.30%,,242,225,17.0
San Jose Sharks,1998,31,33,37.80%,,196,191,5.0
St. Louis Blues,1998,37,32,45.10%,,237,209,28.0
Tampa Bay Lightning,1998,19,54,23.20%,,179,292,-113.0
Toronto Maple Leafs,1998,45,30,54.90%,,268,231,0.549
Vancouver Canucks,1998,23,47,28.00%,,192,258,-66.0
Washington Capitals,1998,31,45,37.80%,,200,218,-18.0
Mighty Ducks of Anaheim,1999,34,33,41.50%,3,217,227,-10.0
Atlanta Thrashers,1999,14,57,17.10%,4,170,313,-143.0
Boston Bruins,1999,24,33,29.30%,6,210,248,-38.0
Buffalo Sabres,1999,35,32,42.70%,4,213,204,9.0
Calgary Flames,1999,31,36,37.80%,5,211,256,-45.0
Carolina Hurricanes,1999,37,35,45.10%,0,217,216,1.0
Chicago Blackhawks,1999,33,37,40.20%,2,242,245,-3.0
Colorado Avalanche,1999,42,28,51.20%,1,233,201,0.512
Dallas Stars,1999,43,23,52.40%,6,211,184,0.524
Detroit Red Wings,1999,48,22,58.50%,2,278,210,0.585
Edmonton Oilers,1999,32,26,39.00%,8,226,212,14.0
Florida Panthers,1999,43,27,52.40%,6,244,209,0.524
Los Angeles Kings,1999,39,27,47.60%,4,245,228,17.0
Montreal Canadiens,1999,35,34,42.70%,4,196,194,2.0
Nashville Predators,1999,28,40,34.10%,7,199,240,-41.0
New Jersey Devils,1999,45,24,54.90%,5,251,203,0.549
New York Islanders,1999,24,48,29.30%,1,194,275,-81.0
New York Rangers,1999,29,38,35.40%,3,218,246,-28.0
Ottawa Senators,1999,41,28,50.00%,2,244,210,0.5
Philadelphia Flyers,1999,45,22,54.90%,3,237,179,0.549
Phoenix Coyotes,1999,39,31,47.60%,4,232,228,4.0
Pittsburgh Penguins,1999,37,31,45.10%,6,241,236,5.0
San Jose Sharks,1999,35,30,42.70%,7,225,214,11.0
St. Louis Blues,1999,51,19,62.20%,1,248,165,0.622
Tampa Bay Lightning,1999,19,47,23.20%,7,204,310,-106.0
Toronto Maple Leafs,1999,45,27,54.90%,3,246,222,0.549
Vancouver Canucks,1999,30,29,36.60%,8,227,237,-10.0
Washington Capitals,1999,44,24,53.70%,2,227,194,0.537
Mighty Ducks of Anaheim,2000,25,41,30.50%,5,188,245,-57.0
Atlanta Thrashers,2000,23,45,28.00%,2,211,289,-78.0
Boston Bruins,2000,36,30,43.90%,8,227,249,-22.0
Buffalo Sabres,2000,46,30,56.10%,1,218,184,0.561
Calgary Flames,2000,27,36,32.90%,4,197,236,-39.0
Carolina Hurricanes,2000,38,32,46.30%,3,212,225,-13.0
Columbus Blue Jackets,2000,28,39,34.10%,6,190,233,-43.0
Chicago Blackhawks,2000,29,40,35.40%,5,210,246,-36.0
Colorado Avalanche,2000,52,16,63.40%,4,270,192,0.634
Dallas Stars,2000,48,24,58.50%,2,241,187,0.585
Detroit Red Wings,2000,49,20,59.80%,4,253,202,0.598
Edmonton Oilers,2000,39,28,47.60%,3,243,222,21.0
Florida Panthers,2000,22,38,26.80%,9,200,246,-46.0
Los Angeles Kings,2000,38,28,46.30%,3,252,228,24.0
Minnesota Wild,2000,25,39,30.50%,5,168,210,-42.0
Montreal Canadiens,2000,28,40,34.10%,6,206,232,-26.0
Nashville Predators,2000,34,36,41.50%,3,186,200,-14.0
New Jersey Devils,2000,48,19,58.50%,3,295,195,0.585
New York Islanders,2000,21,51,25.60%,3,185,268,-83.0
New York Rangers,2000,33,43,40.20%,1,250,290,-40.0
Ottawa Senators,2000,48,21,58.50%,4,274,205,0.585
Philadelphia Flyers,2000,43,25,52.40%,3,240,207,0.524
Phoenix Coyotes,2000,35,27,42.70%,3,214,212,2.0
Pittsburgh Penguins,2000,42,28,51.20%,3,281,256,0.512
San Jose Sharks,2000,40,27,48.80%,3,217,192,25.0
St. Louis Blues,2000,43,22,52.40%,5,249,195,0.524
Tampa Bay Lightning,2000,24,47,29.30%,5,201,280,-79.0
Toronto Maple Leafs,2000,37,29,45.10%,5,232,207,25.0
Vancouver Canucks,2000,36,28,43.90%,7,239,238,1.0
Washington Capitals,2000,41,27,50.00%,4,233,211,0.5
Mighty Ducks of Anaheim,2001,29,42,35.40%,3,175,198,-23.0
Atlanta Thrashers,2001,19,47,23.20%,5,187,288,-101.0
Boston Bruins,2001,43,24,52.40%,9,236,201,0.524
Buffalo Sabres,2001,35,35,42.70%,1,213,200,13.0
Calgary Flames,2001,32,35,39.00%,3,201,220,-19.0
Carolina Hurricanes,2001,35,26,42.70%,5,217,217,0.0
Columbus Blue Jackets,2001,22,47,26.80%,5,164,255,-91.0
Chicago Blackhawks,2001,41,27,50.00%,1,216,207,0.5
Colorado Avalanche,2001,45,28,54.90%,1,212,169,0.549
Dallas Stars,2001,36,28,43.90%,5,215,213,2.0
Detroit Red Wings,2001,51,17,62.20%,4,251,187,0.622
Edmonton Oilers,2001,38,28,46.30%,4,205,182,23.0
Florida Panthers,2001,22,44,26.80%,6,180,250,-70.0
Los Angeles Kings,2001,40,27,48.80%,4,214,190,24.0
Minnesota Wild,2001,26,35,31.70%,9,195,238,-43.0
Montreal Canadiens,2001,36,31,43.90%,3,207,209,-2.0
Nashville Predators,2001,28,41,34.10%,0,196,230,-34.0
New Jersey Devils,2001,41,28,50.00%,4,205,187,0.5
New York Islanders,2001,42,28,51.20%,4,239,220,0.512
New York Rangers,2001,36,38,43.90%,4,227,258,-31.0
Ottawa Senators,2001,39,27,47.60%,7,243,208,35.0
Philadelphia Flyers,2001,42,27,51.20%,3,234,192,0.512
Phoenix Coyotes,2001,40,27,48.80%,6,228,210,18.0
Pittsburgh Penguins,2001,28,41,34.10%,5,198,249,-51.0
San Jose Sharks,2001,44,27,53.70%,3,248,199,0.537
St. Louis Blues,2001,43,27,52.40%,4,227,188,0.524
Tampa Bay Lightning,2001,27,40,32.90%,4,178,219,-41.0
Toronto Maple Leafs,2001,43,25,52.40%,4,249,207,0.524
Vancouver Canucks,2001,42,30,51.20%,3,254,211,0.512
Washington Capitals,2001,36,33,43.90%,2,228,240,-12.0
Mighty Ducks of Anaheim,2002,40,27,48.80%,6,203,193,10.0
Atlanta Thrashers,2002,31,39,37.80%,5,226,284,-58.0
Boston Bruins,2002,36,31,43.90%,4,245,237,8.0
Buffalo Sabres,2002,27,37,32.90%,8,190,219,-29.0
Calgary Flames,2002,29,36,35.40%,4,186,228,-42.0
Carolina Hurricanes,2002,22,43,26.80%,6,171,240,-69.0
Columbus Blue Jackets,2002,29,42,35.40%,3,213,263,-50.0
Chicago Blackhawks,2002,30,33,36.60%,6,207,226,-19.0
Colorado Avalanche,2002,42,19,51.20%,8,251,194,0.512
Dallas Stars,2002,46,17,56.10%,4,245,169,0.561
Detroit Red Wings,2002,48,20,58.50%,4,269,203,0.585
Edmonton Oilers,2002,36,26,43.90%,9,231,230,1.0
Florida Panthers,2002,24,36,29.30%,9,176,237,-61.0
Los Angeles Kings,2002,33,37,40.20%,6,203,221,-18.0
Minnesota Wild,2002,42,29,51.20%,1,198,178,0.512
Montreal Canadiens,2002,30,35,36.60%,9,206,234,-28.0
Nashville Predators,2002,27,35,32.90%,7,183,206,-23.0
New Jersey Devils,2002,46,20,56.10%,6,216,166,0.561
New York Islanders,2002,35,34,42.70%,2,224,231,-7.0
New York Rangers,2002,32,36,39.00%,4,210,231,-21.0
Ottawa Senators,2002,52,21,63.40%,1,263,182,0.634
Philadelphia Flyers,2002,45,20,54.90%,4,211,166,0.549
Phoenix Coyotes,2002,31,35,37.80%,5,204,230,-26.0
Pittsburgh Penguins,2002,27,44,32.90%,5,189,255,-66.0
San Jose Sharks,2002,28,37,34.10%,8,214,239,-25.0
St. Louis Blues,2002,41,24,50.00%,6,253,222,0.5
Tampa Bay Lightning,2002,36,25,43.90%,5,219,210,9.0
Toronto Maple Leafs,2002,44,28,53.70%,3,236,208,0.537
Vancouver Canucks,2002,45,23,54.90%,1,264,208,0.549
Washington Capitals,2002,39,29,47.60%,6,224,220,4.0
Mighty Ducks of Anaheim,2003,29,35,35.40%,8,184,213,-29.0
Atlanta Thrashers,2003,33,37,40.20%,4,214,243,-29.0
Boston Bruins,2003,41,19,50.00%,7,209,188,0.5
Buffalo Sabres,2003,37,34,45.10%,4,220,221,-1.0
Calgary Flames,2003,42,30,51.20%,3,200,176,0.512
Carolina Hurricanes,2003,28,34,34.10%,6,172,209,-37.0
Columbus Blue Jackets,2003,25,45,30.50%,4,177,238,-61.0
Chicago Blackhawks,2003,20,43,24.40%,8,188,259,-71.0
Colorado Avalanche,2003,40,22,48.80%,7,236,198,38.0
Dallas Stars,2003,41,26,50.00%,2,194,175,0.5
Detroit Red Wings,2003,48,21,58.50%,2,255,189,0.585
Edmonton Oilers,2003,36,29,43.90%,5,221,208,13.0
Florida Panthers,2003,28,35,34.10%,4,188,221,-33.0
Los Angeles Kings,2003,28,29,34.10%,9,205,217,-12.0
Minnesota Wild,2003,30,29,36.60%,3,188,183,5.0
Montreal Canadiens,2003,41,30,50.00%,4,208,192,0.5
Nashville Predators,2003,38,29,46.30%,4,216,217,-1.0
New Jersey Devils,2003,43,25,52.40%,2,213,164,0.524
New York Islanders,2003,38,29,46.30%,4,237,210,27.0
New York Rangers,2003,27,40,32.90%,8,206,250,-44.0
Ottawa Senators,2003,43,23,52.40%,6,262,189,0.524
Philadelphia Flyers,2003,40,21,48.80%,6,229,186,43.0
Phoenix Coyotes,2003,22,36,26.80%,6,188,245,-57.0
Pittsburgh Penguins,2003,23,47,28.00%,4,190,303,-113.0
San Jose Sharks,2003,43,21,52.40%,6,219,183,0.524
St. Louis Blues,2003,39,30,47.60%,2,191,198,-7.0
Tampa Bay Lightning,2003,46,22,56.10%,6,245,192,0.561
Toronto Maple Leafs,2003,45,24,54.90%,3,242,204,0.549
Vancouver Canucks,2003,43,24,52.40%,5,235,194,0.524
Washington Capitals,2003,23,46,28.00%,3,186,253,-67.0
Mighty Ducks of Anaheim,2005,43,27,52.40%,12,254,229,0.524
Atlanta Thrashers,2005,41,33,50.00%,8,281,275,0.5
Boston Bruins,2005,29,37,35.40%,16,230,266,-36.0
Buffalo Sabres,2005,52,24,63.40%,6,281,239,0.634
Calgary Flames,2005,46,25,56.10%,11,218,200,0.561
Carolina Hurricanes,2005,52,22,63.40%,8,294,260,0.634
Columbus Blue Jackets,2005,35,43,42.70%,4,223,279,-56.0
Chicago Blackhawks,2005,26,43,31.70%,13,211,285,-74.0
Colorado Avalanche,2005,43,30,52.40%,9,283,257,0.524
Dallas Stars,2005,53,23,64.60%,6,265,218,0.646
Detroit Red Wings,2005,58,16,70.70%,8,305,209,0.707
Edmonton Oilers,2005,41,28,50.00%,13,256,251,0.5
Florida Panthers,2005,37,34,45.10%,11,240,257,-17.0
Los Angeles Kings,2005,42,35,51.20%,5,249,270,0.512
Minnesota Wild,2005,38,36,46.30%,8,231,215,16.0
Montreal Canadiens,2005,42,31,51.20%,9,243,247,0.512
Nashville Predators,2005,49,25,59.80%,8,259,227,0.598
New Jersey Devils,2005,46,27,56.10%,9,242,229,0.561
New York Islanders,2005,36,40,43.90%,6,230,278,-48.0
New York Rangers,2005,44,26,53.70%,12,257,215,0.537
Ottawa Senators,2005,52,21,63.40%,9,314,211,0.634
Philadelphia Flyers,2005,45,26,54.90%,11,267,259,0.549
Phoenix Coyotes,2005,38,39,46.30%,5,246,271,-25.0
Pittsburgh Penguins,2005,22,46,26.80%,14,244,316,-72.0
San Jose Sharks,2005,44,27,53.70%,11,266,242,0.537
St. Louis Blues,2005,21,46,25.60%,15,197,292,-95.0
Tampa Bay Lightning,2005,43,33,52.40%,6,252,260,0.524
Toronto Maple Leafs,2005,41,33,50.00%,8,257,270,0.5
Vancouver Canucks,2005,42,32,51.20%,8,256,255,0.512
Washington Capitals,2005,29,41,35.40%,12,237,306,-69.0
Anaheim Ducks,2006,48,20,58.50%,14,258,208,0.585
Atlanta Thrashers,2006,43,28,52.40%,11,246,245,0.524
Boston Bruins,2006,35,41,42.70%,6,219,289,-70.0
Buffalo Sabres,2006,53,22,64.60%,7,308,242,0.646
Calgary Flames,2006,43,29,52.40%,10,258,226,0.524
Carolina Hurricanes,2006,40,34,48.80%,8,241,253,-12.0
Columbus Blue Jackets,2006,33,42,40.20%,7,201,249,-48.0
Chicago Blackhawks,2006,31,42,37.80%,9,201,258,-57.0
Colorado Avalanche,2006,44,31,53.70%,7,272,251,0.537
Dallas Stars,2006,50,25,61.00%,7,226,197,0.61
Detroit Red Wings,2006,50,19,61.00%,13,254,199,0.61
Edmonton Oilers,2006,32,43,39.00%,7,195,248,-53.0
Florida Panthers,2006,35,31,42.70%,16,247,257,-10.0
Los Angeles Kings,2006,27,41,32.90%,14,227,283,-56.0
Minnesota Wild,2006,48,26,58.50%,8,235,191,0.585
Montreal Canadiens,2006,42,34,51.20%,6,245,256,0.512
Nashville Predators,2006,51,23,62.20%,8,272,212,0.622
New Jersey Devils,2006,49,24,59.80%,9,216,201,0.598
New York Islanders,2006,40,30,48.80%,12,248,240,8.0
New York Rangers,2006,42,30,51.20%,10,242,216,0.512
Ottawa Senators,2006,48,25,58.50%,9,288,222,0.585
Philadelphia Flyers,2006,22,48,26.80%,12,214,303,-89.0
Phoenix Coyotes,2006,31,46,37.80%,5,216,284,-68.0
Pittsburgh Penguins,2006,47,24,57.30%,11,277,246,0.573
San Jose Sharks,2006,51,26,62.20%,5,258,199,0.622
St. Louis Blues,2006,34,35,41.50%,13,214,254,-40.0
Tampa Bay Lightning,2006,44,33,53.70%,5,253,261,0.537
Toronto Maple Leafs,2006,40,31,48.80%,11,258,269,-11.0
Vancouver Canucks,2006,49,26,59.80%,7,222,201,0.598
Washington Capitals,2006,28,40,34.10%,14,235,286,-51.0
Anaheim Ducks,2007,47,27,57.30%,8,205,191,0.573
Atlanta Thrashers,2007,34,40,41.50%,8,216,272,-56.0
Boston Bruins,2007,41,29,50.00%,12,212,222,0.5
Buffalo Sabres,2007,39,31,47.60%,12,255,242,13.0
Calgary Flames,2007,42,30,51.20%,10,229,227,0.512
Carolina Hurricanes,2007,43,33,52.40%,6,252,249,0.524
Columbus Blue Jackets,2007,34,36,41.50%,12,193,218,-25.0
Chicago Blackhawks,2007,40,34,48.80%,8,239,235,4.0
Colorado Avalanche,2007,44,31,53.70%,7,231,219,0.537
Dallas Stars,2007,45,30,54.90%,7,242,207,0.549
Detroit Red Wings,2007,54,21,65.90%,7,257,184,0.659
Edmonton Oilers,2007,41,35,50.00%,6,235,251,0.5
Florida Panthers,2007,38,35,46.30%,9,216,226,-10.0
Los Angeles Kings,2007,32,43,39.00%,7,231,266,-35.0
Minnesota Wild,2007,44,28,53.70%,10,223,218,0.537
Montreal Canadiens,2007,47,25,57.30%,10,262,222,0.573
Nashville Predators,2007,41,32,50.00%,9,230,229,0.5
New Jersey Devils,2007,46,29,56.10%,7,206,197,0.561
New York Islanders,2007,35,38,42.70%,9,194,243,-49.0
New York Rangers,2007,42,27,51.20%,13,213,199,0.512
Ottawa Senators,2007,43,31,52.40%,8,261,247,0.524
Philadelphia Flyers,2007,42,29,51.20%,11,248,233,0.512
Phoenix Coyotes,2007,38,37,46.30%,7,214,231,-17.0
Pittsburgh Penguins,2007,47,27,57.30%,8,247,216,0.573
San Jose Sharks,2007,49,23,59.80%,10,222,193,0.598
St. Louis Blues,2007,33,36,40.20%,13,205,237,-32.0
Tampa Bay Lightning,2007,31,42,37.80%,9,223,267,-44.0
Toronto Maple Leafs,2007,36,35,43.90%,11,231,260,-29.0
Vancouver Canucks,2007,39,33,47.60%,10,213,215,-2.0
Washington Capitals,2007,43,31,52.40%,8,242,231,0.524
Anaheim Ducks,2008,42,33,51.20%,7,245,238,0.512
Atlanta Thrashers,2008,35,41,42.70%,6,257,280,-23.0
Boston Bruins,2008,53,19,64.60%,10,274,196,0.646
Buffalo Sabres,2008,41,32,50.00%,9,250,234,0.5
Calgary Flames,2008,46,30,56.10%,6,254,248,0.561
Carolina Hurricanes,2008,45,30,54.90%,7,239,226,0.549
Columbus Blue Jackets,2008,41,31,50.00%,10,226,230,0.5
Chicago Blackhawks,2008,46,24,56.10%,12,264,216,0.561
Colorado Avalanche,2008,32,45,39.00%,5,199,257,-58.0
Dallas Stars,2008,36,35,43.90%,11,230,257,-27.0
Detroit Red Wings,2008,51,21,62.20%,10,295,244,0.622
Edmonton Oilers,2008,38,35,46.30%,9,234,248,-14.0
Florida Panthers,2008,41,30,50.00%,11,234,231,0.5
Los Angeles Kings,2008,34,37,41.50%,11,207,234,-27.0
Minnesota Wild,2008,40,33,48.80%,9,219,200,19.0
Montreal Canadiens,2008,41,30,50.00%,11,249,247,0.5
Nashville Predators,2008,40,34,48.80%,8,213,233,-20.0
New Jersey Devils,2008,51,27,62.20%,4,244,209,0.622
New York Islanders,2008,26,47,31.70%,9,201,279,-78.0
New York Rangers,2008,43,30,52.40%,9,210,218,0.524
Ottawa Senators,2008,36,35,43.90%,11,217,237,-20.0
Philadelphia Flyers,2008,44,27,53.70%,11,264,238,0.537
Phoenix Coyotes,2008,36,39,43.90%,7,208,252,-44.0
Pittsburgh Penguins,2008,45,28,54.90%,9,264,239,0.549
San Jose Sharks,2008,53,18,64.60%,11,257,204,0.646
St. Louis Blues,2008,41,31,50.00%,10,233,233,0.5
Tampa Bay Lightning,2008,24,40,29.30%,18,210,279,-69.0
Toronto Maple Leafs,2008,34,35,41.50%,13,250,293,-43.0
Vancouver Canucks,2008,45,27,54.90%,10,246,220,0.549
Washington Capitals,2008,50,24,61.00%,8,272,245,0.61
Anaheim Ducks,2009,39,32,47.60%,11,238,251,-13.0
Atlanta Thrashers,2009,35,34,42.70%,13,234,256,-22.0
Boston Bruins,2009,39,30,47.60%,13,206,200,6.0
Buffalo Sabres,2009,45,27,54.90%,10,235,207,0.549
Calgary Flames,2009,40,32,48.80%,10,204,210,-6.0
Carolina Hurricanes,2009,35,37,42.70%,10,230,256,-26.0
Columbus Blue Jackets,2009,32,35,39.00%,15,216,259,-43.0
Chicago Blackhawks,2009,52,22,63.40%,8,271,209,0.634
Colorado Avalanche,2009,43,30,52.40%,9,244,233,0.524
Dallas Stars,2009,37,31,45.10%,14,237,254,-17.0
Detroit Red Wings,2009,44,24,53.70%,14,229,216,0.537
Edmonton Oilers,2009,27,47,32.90%,8,214,284,-70.0
Florida Panthers,2009,32,37,39.00%,13,208,244,-36.0
Los Angeles Kings,2009,46,27,56.10%,9,241,219,0.561
Minnesota Wild,2009,38,36,46.30%,8,219,246,-27.0
Montreal Canadiens,2009,39,33,47.60%,10,217,223,-6.0
Nashville Predators,2009,47,29,57.30%,6,225,225,0.573
New Jersey Devils,2009,48,27,58.50%,7,222,191,0.585
New York Islanders,2009,34,37,41.50%,11,222,264,-42.0
New York Rangers,2009,38,33,46.30%,11,222,218,4.0
Ottawa Senators,2009,44,32,53.70%,6,225,238,0.537
Philadelphia Flyers,2009,41,35,50.00%,6,236,225,0.5
Phoenix Coyotes,2009,50,25,61.00%,7,225,202,0.61
Pittsburgh Penguins,2009,47,28,57.30%,7,257,237,0.573
San Jose Sharks,2009,51,20,62.20%,11,264,215,0.622
St. Louis Blues,2009,40,32,48.80%,10,225,223,2.0
Tampa Bay Lightning,2009,34,36,41.50%,12,217,260,-43.0
Toronto Maple Leafs,2009,30,38,36.60%,14,214,267,-53.0
Vancouver Canucks,2009,49,28,59.80%,5,272,222,0.598
Washington Capitals,2009,54,15,65.90%,13,318,233,0.659
Anaheim Ducks,2010,47,30,57.30%,5,239,235,0.573
Atlanta Thrashers,2010,34,36,41.50%,12,223,269,-46.0
Boston Bruins,2010,46,25,56.10%,11,246,195,0.561
Buffalo Sabres,2010,43,29,52.40%,10,245,229,0.524
Calgary Flames,2010,41,29,50.00%,12,250,237,0.5
Carolina Hurricanes,2010,40,31,48.80%,11,236,239,-3.0
Columbus Blue Jackets,2010,34,35,41.50%,13,215,258,-43.0
Chicago Blackhawks,2010,44,29,53.70%,9,258,225,0.537
Colorado Avalanche,2010,30,44,36.60%,8,227,288,-61.0
Dallas Stars,2010,42,29,51.20%,11,227,233,0.512
Detroit Red Wings,2010,47,25,57.30%,10,261,241,0.573
Edmonton Oilers,2010,25,45,30.50%,12,193,269,-76.0
Florida Panthers,2010,30,40,36.60%,12,195,229,-34.0
Los Angeles Kings,2010,46,30,56.10%,6,219,198,0.561
Minnesota Wild,2010,39,35,47.60%,8,206,233,-27.0
Montreal Canadiens,2010,44,30,53.70%,8,216,209,0.537
Nashville Predators,2010,44,27,53.70%,11,219,194,0.537
New Jersey Devils,2010,38,39,46.30%,5,174,209,-35.0
New York Islanders,2010,30,39,36.60%,13,229,264,-35.0
New York Rangers,2010,44,33,53.70%,5,233,198,0.537
Ottawa Senators,2010,32,40,39.00%,10,192,250,-58.0
Philadelphia Flyers,2010,47,23,57.30%,12,259,223,0.573
Phoenix Coyotes,2010,43,26,52.40%,13,231,226,0.524
Pittsburgh Penguins,2010,49,25,59.80%,8,238,199,0.598
San Jose Sharks,2010,48,25,58.50%,9,248,213,0.585
St. Louis Blues,2010,38,33,46.30%,11,240,234,6.0
Tampa Bay Lightning,2010,46,25,56.10%,11,247,240,0.561
Toronto Maple Leafs,2010,37,34,45.10%,11,218,251,-33.0
Vancouver Canucks,2010,54,19,65.90%,9,262,185,0.659
Washington Capitals,2010,48,23,58.50%,11,224,197,0.585
Anaheim Ducks,2011,34,36,41.50%,12,204,231,-27.0
Boston Bruins,2011,49,29,59.80%,4,269,202,0.598
Buffalo Sabres,2011,39,32,47.60%,11,218,230,-12.0
Calgary Flames,2011,37,29,45.10%,16,202,226,-24.0
Carolina Hurricanes,2011,33,33,40.20%,16,213,243,-30.0
Columbus Blue Jackets,2011,29,46,35.40%,7,202,262,-60.0
Chicago Blackhawks,2011,45,26,54.90%,11,248,238,0.549
Colorado Avalanche,2011,41,35,50.00%,6,208,220,0.5
Dallas Stars,2011,42,35,51.20%,5,211,222,0.512
Detroit Red Wings,2011,48,28,58.50%,6,248,203,0.585
Edmonton Oilers,2011,32,40,39.00%,10,212,239,-27.0
Florida Panthers,2011,38,26,46.30%,18,203,227,-24.0
Los Angeles Kings,2011,40,27,48.80%,15,194,179,15.0
Minnesota Wild,2011,35,36,42.70%,11,177,226,-49.0
Montreal Canadiens,2011,31,35,37.80%,16,212,226,-14.0
Nashville Predators,2011,48,26,58.50%,8,237,210,0.585
New Jersey Devils,2011,48,28,58.50%,6,228,209,0.585
New York Islanders,2011,34,37,41.50%,11,203,255,-52.0
New York Rangers,2011,51,24,62.20%,7,226,187,0.622
Ottawa Senators,2011,41,31,50.00%,10,249,240,0.5
Philadelphia Flyers,2011,47,26,57.30%,9,264,232,0.573
Phoenix Coyotes,2011,42,27,51.20%,13,216,204,0.512
Pittsburgh Penguins,2011,51,25,62.20%,6,282,221,0.622
San Jose Sharks,2011,43,29,52.40%,10,228,210,0.524
St. Louis Blues,2011,49,22,59.80%,11,210,165,0.598
Tampa Bay Lightning,2011,38,36,46.30%,8,235,281,-46.0
Toronto Maple Leafs,2011,35,37,42.70%,10,231,264,-33.0
Vancouver Canucks,2011,51,22,62.20%,9,249,198,0.622
Washington Capitals,2011,42,32,51.20%,8,222,230,0.512
Winnipeg Jets,2011,37,35,45.10%,10,225,246,-21.0
